id,type,image
1,Small Garden,https://s3.amazonaws.com/uifaces/faces/twitter/_victa/128.jpg
2,Rustic Kids,https://s3.amazonaws.com/uifaces/faces/twitter/caseycavanagh/128.jpg
3,Gorgeous Automotive,https://s3.amazonaws.com/uifaces/faces/twitter/guischmitt/128.jpg
4,Small Grocery,https://s3.amazonaws.com/uifaces/faces/twitter/bobwassermann/128.jpg
5,Handcrafted Industrial,https://s3.amazonaws.com/uifaces/faces/twitter/gcmorley/128.jpg
6,Practical Toys,https://s3.amazonaws.com/uifaces/faces/twitter/cadikkara/128.jpg
7,Incredible Automotive,https://s3.amazonaws.com/uifaces/faces/twitter/darcystonge/128.jpg
8,Gorgeous Kids,https://s3.amazonaws.com/uifaces/faces/twitter/judzhin_miles/128.jpg
9,Small Shoes,https://s3.amazonaws.com/uifaces/faces/twitter/coreyhaggard/128.jpg
10,Handcrafted Toys,https://s3.amazonaws.com/uifaces/faces/twitter/reabo101/128.jpg
11,Practical Movies,https://s3.amazonaws.com/uifaces/faces/twitter/igorgarybaldi/128.jpg
12,Sleek Kids,https://s3.amazonaws.com/uifaces/faces/twitter/nessoila/128.jpg
13,Tasty Movies,https://s3.amazonaws.com/uifaces/faces/twitter/sweetdelisa/128.jpg
14,Awesome Sports,https://s3.amazonaws.com/uifaces/faces/twitter/mylesb/128.jpg
15,Handmade Industrial,https://s3.amazonaws.com/uifaces/faces/twitter/darcystonge/128.jpg
16,Handcrafted Kids,https://s3.amazonaws.com/uifaces/faces/twitter/fronx/128.jpg
17,Awesome Computers,https://s3.amazonaws.com/uifaces/faces/twitter/bradenhamm/128.jpg
18,Intelligent Electronics,https://s3.amazonaws.com/uifaces/faces/twitter/uxalex/128.jpg
19,Licensed Home,https://s3.amazonaws.com/uifaces/faces/twitter/envex/128.jpg
20,Awesome Kids,https://s3.amazonaws.com/uifaces/faces/twitter/jerrybai1907/128.jpg
21,Rustic Shoes,https://s3.amazonaws.com/uifaces/faces/twitter/jonkspr/128.jpg
22,Small Tools,https://s3.amazonaws.com/uifaces/faces/twitter/lonesomelemon/128.jpg
23,Ergonomic Music,https://s3.amazonaws.com/uifaces/faces/twitter/artd_sign/128.jpg
24,Gorgeous Clothing,https://s3.amazonaws.com/uifaces/faces/twitter/donjain/128.jpg
25,Incredible Jewelery,https://s3.amazonaws.com/uifaces/faces/twitter/oaktreemedia/128.jpg
26,Fantastic Kids,https://s3.amazonaws.com/uifaces/faces/twitter/sulaqo/128.jpg
27,Handcrafted Electronics,https://s3.amazonaws.com/uifaces/faces/twitter/sebashton/128.jpg
28,Unbranded Automotive,https://s3.amazonaws.com/uifaces/faces/twitter/normanbox/128.jpg
29,Small Electronics,https://s3.amazonaws.com/uifaces/faces/twitter/sachacorazzi/128.jpg
30,Small Sports,https://s3.amazonaws.com/uifaces/faces/twitter/nicklacke/128.jpg
31,Unbranded Baby,https://s3.amazonaws.com/uifaces/faces/twitter/mateaodviteza/128.jpg
32,Generic Sports,https://s3.amazonaws.com/uifaces/faces/twitter/gcmorley/128.jpg
33,Handcrafted Games,https://s3.amazonaws.com/uifaces/faces/twitter/carlyson/128.jpg
34,Incredible Electronics,https://s3.amazonaws.com/uifaces/faces/twitter/marshallchen_/128.jpg
35,Tasty Automotive,https://s3.amazonaws.com/uifaces/faces/twitter/bradenhamm/128.jpg
36,Awesome Home,https://s3.amazonaws.com/uifaces/faces/twitter/coderdiaz/128.jpg
37,Tasty Home,https://s3.amazonaws.com/uifaces/faces/twitter/adamsxu/128.jpg
38,Incredible Home,https://s3.amazonaws.com/uifaces/faces/twitter/lmjabreu/128.jpg
39,Licensed Outdoors,https://s3.amazonaws.com/uifaces/faces/twitter/chaabane_wail/128.jpg
40,Incredible Outdoors,https://s3.amazonaws.com/uifaces/faces/twitter/kylefrost/128.jpg
41,Incredible Grocery,https://s3.amazonaws.com/uifaces/faces/twitter/jpscribbles/128.jpg
42,Incredible Games,https://s3.amazonaws.com/uifaces/faces/twitter/gabrielizalo/128.jpg
43,Sleek Electronics,https://s3.amazonaws.com/uifaces/faces/twitter/dc_user/128.jpg
44,Awesome Jewelery,https://s3.amazonaws.com/uifaces/faces/twitter/daniloc/128.jpg
45,Ergonomic Toys,https://s3.amazonaws.com/uifaces/faces/twitter/thierrymeier_/128.jpg
46,Ergonomic Garden,https://s3.amazonaws.com/uifaces/faces/twitter/sta1ex/128.jpg
47,Sleek Automotive,https://s3.amazonaws.com/uifaces/faces/twitter/pechkinator/128.jpg
48,Licensed Movies,https://s3.amazonaws.com/uifaces/faces/twitter/emsgulam/128.jpg
49,Licensed Books,https://s3.amazonaws.com/uifaces/faces/twitter/adamsxu/128.jpg
50,Rustic Health,https://s3.amazonaws.com/uifaces/faces/twitter/brunodesign1206/128.jpg
51,Generic Jewelery,https://s3.amazonaws.com/uifaces/faces/twitter/dahparra/128.jpg
52,Handmade Home,https://s3.amazonaws.com/uifaces/faces/twitter/shoaib253/128.jpg
53,Licensed Garden,https://s3.amazonaws.com/uifaces/faces/twitter/gu5taf/128.jpg
54,Handmade Automotive,https://s3.amazonaws.com/uifaces/faces/twitter/ipavelek/128.jpg
55,Tasty Books,https://s3.amazonaws.com/uifaces/faces/twitter/d00maz/128.jpg
56,Ergonomic Grocery,https://s3.amazonaws.com/uifaces/faces/twitter/peachananr/128.jpg
57,Practical Grocery,https://s3.amazonaws.com/uifaces/faces/twitter/stevedesigner/128.jpg
58,Sleek Toys,https://s3.amazonaws.com/uifaces/faces/twitter/roxanejammet/128.jpg
59,Rustic Sports,https://s3.amazonaws.com/uifaces/faces/twitter/funwatercat/128.jpg
60,Licensed Grocery,https://s3.amazonaws.com/uifaces/faces/twitter/mikemai2awesome/128.jpg
61,Sleek Tools,https://s3.amazonaws.com/uifaces/faces/twitter/bermonpainter/128.jpg
62,Sleek Outdoors,https://s3.amazonaws.com/uifaces/faces/twitter/jm_denis/128.jpg
63,Ergonomic Beauty,https://s3.amazonaws.com/uifaces/faces/twitter/jayphen/128.jpg
64,Handmade Outdoors,https://s3.amazonaws.com/uifaces/faces/twitter/magoo04/128.jpg
65,Sleek Grocery,https://s3.amazonaws.com/uifaces/faces/twitter/vivekprvr/128.jpg
66,Gorgeous Electronics,https://s3.amazonaws.com/uifaces/faces/twitter/vijaykarthik/128.jpg
67,Intelligent Garden,https://s3.amazonaws.com/uifaces/faces/twitter/vc27/128.jpg
68,Intelligent Books,https://s3.amazonaws.com/uifaces/faces/twitter/robbschiller/128.jpg
69,Intelligent Grocery,https://s3.amazonaws.com/uifaces/faces/twitter/cboller1/128.jpg
70,Generic Shoes,https://s3.amazonaws.com/uifaces/faces/twitter/pyronite/128.jpg
71,Fantastic Electronics,https://s3.amazonaws.com/uifaces/faces/twitter/digitalmaverick/128.jpg
72,Practical Computers,https://s3.amazonaws.com/uifaces/faces/twitter/GavicoInd/128.jpg
73,Refined Kids,https://s3.amazonaws.com/uifaces/faces/twitter/gavr1l0/128.jpg
74,Practical Books,https://s3.amazonaws.com/uifaces/faces/twitter/guillemboti/128.jpg
75,Gorgeous Baby,https://s3.amazonaws.com/uifaces/faces/twitter/gmourier/128.jpg
76,Small Baby,https://s3.amazonaws.com/uifaces/faces/twitter/kanickairaj/128.jpg
77,Generic Automotive,https://s3.amazonaws.com/uifaces/faces/twitter/soffes/128.jpg
78,Generic Toys,https://s3.amazonaws.com/uifaces/faces/twitter/iamglimy/128.jpg
79,Fantastic Games,https://s3.amazonaws.com/uifaces/faces/twitter/giancarlon/128.jpg
80,Generic Tools,https://s3.amazonaws.com/uifaces/faces/twitter/Chakintosh/128.jpg
81,Fantastic Beauty,https://s3.amazonaws.com/uifaces/faces/twitter/madebyvadim/128.jpg
82,Incredible Sports,https://s3.amazonaws.com/uifaces/faces/twitter/vm_f/128.jpg
83,Fantastic Toys,https://s3.amazonaws.com/uifaces/faces/twitter/mikemai2awesome/128.jpg
84,Fantastic Shoes,https://s3.amazonaws.com/uifaces/faces/twitter/anjhero/128.jpg
85,Refined Automotive,https://s3.amazonaws.com/uifaces/faces/twitter/danmartin70/128.jpg
86,Ergonomic Baby,https://s3.amazonaws.com/uifaces/faces/twitter/igorgarybaldi/128.jpg
87,Licensed Industrial,https://s3.amazonaws.com/uifaces/faces/twitter/vinciarts/128.jpg
88,Sleek Games,https://s3.amazonaws.com/uifaces/faces/twitter/al_li/128.jpg
89,Fantastic Home,https://s3.amazonaws.com/uifaces/faces/twitter/nicolasfolliot/128.jpg
90,Refined Electronics,https://s3.amazonaws.com/uifaces/faces/twitter/ahmadajmi/128.jpg
91,Ergonomic Movies,https://s3.amazonaws.com/uifaces/faces/twitter/denisepires/128.jpg
92,Unbranded Games,https://s3.amazonaws.com/uifaces/faces/twitter/mslarkina/128.jpg
93,Unbranded Movies,https://s3.amazonaws.com/uifaces/faces/twitter/dshster/128.jpg
94,Licensed Shoes,https://s3.amazonaws.com/uifaces/faces/twitter/thaodang17/128.jpg
95,Small Clothing,https://s3.amazonaws.com/uifaces/faces/twitter/emmeffess/128.jpg
96,Incredible Shoes,https://s3.amazonaws.com/uifaces/faces/twitter/leemunroe/128.jpg
97,Awesome Automotive,https://s3.amazonaws.com/uifaces/faces/twitter/cdharrison/128.jpg
98,Sleek Movies,https://s3.amazonaws.com/uifaces/faces/twitter/nicoleglynn/128.jpg
99,Intelligent Sports,https://s3.amazonaws.com/uifaces/faces/twitter/devankoshal/128.jpg
100,Awesome Grocery,https://s3.amazonaws.com/uifaces/faces/twitter/Skyhartman/128.jpg
101,Ergonomic Computers,https://s3.amazonaws.com/uifaces/faces/twitter/alxndrustinov/128.jpg
102,Intelligent Tools,https://s3.amazonaws.com/uifaces/faces/twitter/nandini_m/128.jpg
103,Sleek Computers,https://s3.amazonaws.com/uifaces/faces/twitter/ernestsemerda/128.jpg
104,Gorgeous Books,https://s3.amazonaws.com/uifaces/faces/twitter/jnmnrd/128.jpg
105,Fantastic Health,https://s3.amazonaws.com/uifaces/faces/twitter/rangafangs/128.jpg
106,Handmade Garden,https://s3.amazonaws.com/uifaces/faces/twitter/dss49/128.jpg
107,Incredible Baby,https://s3.amazonaws.com/uifaces/faces/twitter/anjhero/128.jpg
108,Refined Health,https://s3.amazonaws.com/uifaces/faces/twitter/meln1ks/128.jpg
109,Small Music,https://s3.amazonaws.com/uifaces/faces/twitter/ralph_lam/128.jpg
110,Refined Outdoors,https://s3.amazonaws.com/uifaces/faces/twitter/juangomezw/128.jpg
111,Small Books,https://s3.amazonaws.com/uifaces/faces/twitter/polarity/128.jpg
112,Unbranded Toys,https://s3.amazonaws.com/uifaces/faces/twitter/tomaslau/128.jpg
113,Licensed Tools,https://s3.amazonaws.com/uifaces/faces/twitter/janpalounek/128.jpg
114,Rustic Games,https://s3.amazonaws.com/uifaces/faces/twitter/uxpiper/128.jpg
115,Unbranded Beauty,https://s3.amazonaws.com/uifaces/faces/twitter/petar_prog/128.jpg
116,Tasty Music,https://s3.amazonaws.com/uifaces/faces/twitter/commadelimited/128.jpg
117,Incredible Beauty,https://s3.amazonaws.com/uifaces/faces/twitter/ifarafonow/128.jpg
118,Handcrafted Computers,https://s3.amazonaws.com/uifaces/faces/twitter/lawlbwoy/128.jpg
119,Small Industrial,https://s3.amazonaws.com/uifaces/faces/twitter/aislinnkelly/128.jpg
120,Refined Books,https://s3.amazonaws.com/uifaces/faces/twitter/melvindidit/128.jpg
121,Handcrafted Books,https://s3.amazonaws.com/uifaces/faces/twitter/mslarkina/128.jpg
122,Incredible Tools,https://s3.amazonaws.com/uifaces/faces/twitter/giancarlon/128.jpg
123,Generic Health,https://s3.amazonaws.com/uifaces/faces/twitter/nicoleglynn/128.jpg
124,Fantastic Outdoors,https://s3.amazonaws.com/uifaces/faces/twitter/bagawarman/128.jpg
125,Licensed Sports,https://s3.amazonaws.com/uifaces/faces/twitter/primozcigler/128.jpg
126,Practical Home,https://s3.amazonaws.com/uifaces/faces/twitter/aleksitappura/128.jpg
127,Sleek Books,https://s3.amazonaws.com/uifaces/faces/twitter/dparrelli/128.jpg
128,Unbranded Jewelery,https://s3.amazonaws.com/uifaces/faces/twitter/greenbes/128.jpg
129,Rustic Books,https://s3.amazonaws.com/uifaces/faces/twitter/ajaxy_ru/128.jpg
130,Gorgeous Beauty,https://s3.amazonaws.com/uifaces/faces/twitter/erwanhesry/128.jpg
131,Refined Games,https://s3.amazonaws.com/uifaces/faces/twitter/marrimo/128.jpg
132,Refined Movies,https://s3.amazonaws.com/uifaces/faces/twitter/marcobarbosa/128.jpg
133,Awesome Music,https://s3.amazonaws.com/uifaces/faces/twitter/andresenfredrik/128.jpg
134,Handcrafted Automotive,https://s3.amazonaws.com/uifaces/faces/twitter/noufalibrahim/128.jpg
135,Tasty Beauty,https://s3.amazonaws.com/uifaces/faces/twitter/elenadissi/128.jpg
136,Rustic Tools,https://s3.amazonaws.com/uifaces/faces/twitter/balakayuriy/128.jpg
137,Unbranded Clothing,https://s3.amazonaws.com/uifaces/faces/twitter/artem_kostenko/128.jpg
138,Practical Games,https://s3.amazonaws.com/uifaces/faces/twitter/rob_thomas10/128.jpg
139,Generic Garden,https://s3.amazonaws.com/uifaces/faces/twitter/we_social/128.jpg
140,Handmade Movies,https://s3.amazonaws.com/uifaces/faces/twitter/roxanejammet/128.jpg
141,Handcrafted Tools,https://s3.amazonaws.com/uifaces/faces/twitter/nicollerich/128.jpg
142,Sleek Shoes,https://s3.amazonaws.com/uifaces/faces/twitter/falvarad/128.jpg
143,Handcrafted Grocery,https://s3.amazonaws.com/uifaces/faces/twitter/rmlewisuk/128.jpg
144,Handcrafted Shoes,https://s3.amazonaws.com/uifaces/faces/twitter/salvafc/128.jpg
145,Fantastic Books,https://s3.amazonaws.com/uifaces/faces/twitter/gonzalorobaina/128.jpg
146,Rustic Toys,https://s3.amazonaws.com/uifaces/faces/twitter/fronx/128.jpg
147,Awesome Outdoors,https://s3.amazonaws.com/uifaces/faces/twitter/operatino/128.jpg
148,Licensed Computers,https://s3.amazonaws.com/uifaces/faces/twitter/missaaamy/128.jpg
149,Awesome Movies,https://s3.amazonaws.com/uifaces/faces/twitter/souuf/128.jpg
150,Refined Music,https://s3.amazonaws.com/uifaces/faces/twitter/sunlandictwin/128.jpg
151,Small Movies,https://s3.amazonaws.com/uifaces/faces/twitter/cofla/128.jpg
152,Tasty Baby,https://s3.amazonaws.com/uifaces/faces/twitter/kinday/128.jpg
153,Gorgeous Tools,https://s3.amazonaws.com/uifaces/faces/twitter/justinrob/128.jpg
154,Handcrafted Outdoors,https://s3.amazonaws.com/uifaces/faces/twitter/kylefoundry/128.jpg
155,Practical Baby,https://s3.amazonaws.com/uifaces/faces/twitter/jeremery/128.jpg
156,Unbranded Music,https://s3.amazonaws.com/uifaces/faces/twitter/twittypork/128.jpg
157,Handmade Electronics,https://s3.amazonaws.com/uifaces/faces/twitter/jcubic/128.jpg
158,Intelligent Shoes,https://s3.amazonaws.com/uifaces/faces/twitter/michalhron/128.jpg
159,Practical Jewelery,https://s3.amazonaws.com/uifaces/faces/twitter/mikaeljorhult/128.jpg
160,Unbranded Books,https://s3.amazonaws.com/uifaces/faces/twitter/madshensel/128.jpg
161,Unbranded Health,https://s3.amazonaws.com/uifaces/faces/twitter/andysolomon/128.jpg
162,Practical Automotive,https://s3.amazonaws.com/uifaces/faces/twitter/ripplemdk/128.jpg
163,Gorgeous Toys,https://s3.amazonaws.com/uifaces/faces/twitter/darcystonge/128.jpg
164,Intelligent Industrial,https://s3.amazonaws.com/uifaces/faces/twitter/ponchomendivil/128.jpg
165,Fantastic Baby,https://s3.amazonaws.com/uifaces/faces/twitter/hafeeskhan/128.jpg
166,Practical Health,https://s3.amazonaws.com/uifaces/faces/twitter/baumann_alex/128.jpg
167,Refined Garden,https://s3.amazonaws.com/uifaces/faces/twitter/thekevinjones/128.jpg
168,Refined Jewelery,https://s3.amazonaws.com/uifaces/faces/twitter/msveet/128.jpg
169,Small Beauty,https://s3.amazonaws.com/uifaces/faces/twitter/sindresorhus/128.jpg
170,Rustic Outdoors,https://s3.amazonaws.com/uifaces/faces/twitter/mslarkina/128.jpg
171,Intelligent Toys,https://s3.amazonaws.com/uifaces/faces/twitter/looneydoodle/128.jpg
172,Unbranded Shoes,https://s3.amazonaws.com/uifaces/faces/twitter/gt/128.jpg
173,Rustic Movies,https://s3.amazonaws.com/uifaces/faces/twitter/kucingbelang4/128.jpg
174,Ergonomic Home,https://s3.amazonaws.com/uifaces/faces/twitter/eitarafa/128.jpg
175,Fantastic Sports,https://s3.amazonaws.com/uifaces/faces/twitter/chacky14/128.jpg
176,Intelligent Jewelery,https://s3.amazonaws.com/uifaces/faces/twitter/klefue/128.jpg
177,Intelligent Computers,https://s3.amazonaws.com/uifaces/faces/twitter/catadeleon/128.jpg
178,Awesome Electronics,https://s3.amazonaws.com/uifaces/faces/twitter/flashmurphy/128.jpg
179,Sleek Baby,https://s3.amazonaws.com/uifaces/faces/twitter/ryanmclaughlin/128.jpg
180,Tasty Tools,https://s3.amazonaws.com/uifaces/faces/twitter/theonlyzeke/128.jpg
181,Gorgeous Music,https://s3.amazonaws.com/uifaces/faces/twitter/enjoythetau/128.jpg
182,Awesome Garden,https://s3.amazonaws.com/uifaces/faces/twitter/el_fuertisimo/128.jpg
183,Refined Baby,https://s3.amazonaws.com/uifaces/faces/twitter/victorquinn/128.jpg
184,Handmade Jewelery,https://s3.amazonaws.com/uifaces/faces/twitter/oscarowusu/128.jpg
185,Small Jewelery,https://s3.amazonaws.com/uifaces/faces/twitter/smenov/128.jpg
186,Handmade Clothing,https://s3.amazonaws.com/uifaces/faces/twitter/jayphen/128.jpg
187,Tasty Computers,https://s3.amazonaws.com/uifaces/faces/twitter/davecraige/128.jpg
188,Gorgeous Jewelery,https://s3.amazonaws.com/uifaces/faces/twitter/pierre_nel/128.jpg
189,Gorgeous Garden,https://s3.amazonaws.com/uifaces/faces/twitter/nehfy/128.jpg
190,Ergonomic Electronics,https://s3.amazonaws.com/uifaces/faces/twitter/falconerie/128.jpg
191,Generic Outdoors,https://s3.amazonaws.com/uifaces/faces/twitter/agustincruiz/128.jpg
192,Handmade Kids,https://s3.amazonaws.com/uifaces/faces/twitter/terpimost/128.jpg
193,Intelligent Clothing,https://s3.amazonaws.com/uifaces/faces/twitter/newbrushes/128.jpg
194,Tasty Outdoors,https://s3.amazonaws.com/uifaces/faces/twitter/devinhalladay/128.jpg
195,Rustic Beauty,https://s3.amazonaws.com/uifaces/faces/twitter/iamglimy/128.jpg
196,Rustic Industrial,https://s3.amazonaws.com/uifaces/faces/twitter/sterlingrules/128.jpg
197,Awesome Health,https://s3.amazonaws.com/uifaces/faces/twitter/gregsqueeb/128.jpg
198,Tasty Grocery,https://s3.amazonaws.com/uifaces/faces/twitter/felipecsl/128.jpg
199,Sleek Industrial,https://s3.amazonaws.com/uifaces/faces/twitter/jehnglynn/128.jpg
200,Generic Home,https://s3.amazonaws.com/uifaces/faces/twitter/afusinatto/128.jpg
201,Practical Sports,https://s3.amazonaws.com/uifaces/faces/twitter/danvernon/128.jpg
202,Handcrafted Movies,https://s3.amazonaws.com/uifaces/faces/twitter/silv3rgvn/128.jpg
203,Small Toys,https://s3.amazonaws.com/uifaces/faces/twitter/operatino/128.jpg
204,Licensed Jewelery,https://s3.amazonaws.com/uifaces/faces/twitter/kerihenare/128.jpg
205,Generic Electronics,https://s3.amazonaws.com/uifaces/faces/twitter/dzantievm/128.jpg
206,Rustic Automotive,https://s3.amazonaws.com/uifaces/faces/twitter/markretzloff/128.jpg
207,Handmade Music,https://s3.amazonaws.com/uifaces/faces/twitter/scrapdnb/128.jpg
208,Handmade Tools,https://s3.amazonaws.com/uifaces/faces/twitter/afusinatto/128.jpg
209,Handmade Sports,https://s3.amazonaws.com/uifaces/faces/twitter/juamperro/128.jpg
210,Incredible Toys,https://s3.amazonaws.com/uifaces/faces/twitter/timgthomas/128.jpg
211,Practical Electronics,https://s3.amazonaws.com/uifaces/faces/twitter/turkutuuli/128.jpg
212,Fantastic Movies,https://s3.amazonaws.com/uifaces/faces/twitter/jonathansimmons/128.jpg
213,Sleek Health,https://s3.amazonaws.com/uifaces/faces/twitter/newbrushes/128.jpg
214,Ergonomic Games,https://s3.amazonaws.com/uifaces/faces/twitter/nwdsha/128.jpg
215,Practical Kids,https://s3.amazonaws.com/uifaces/faces/twitter/emsgulam/128.jpg
216,Handmade Books,https://s3.amazonaws.com/uifaces/faces/twitter/juaumlol/128.jpg
217,Gorgeous Grocery,https://s3.amazonaws.com/uifaces/faces/twitter/joetruesdell/128.jpg
218,Rustic Baby,https://s3.amazonaws.com/uifaces/faces/twitter/dannol/128.jpg
219,Incredible Computers,https://s3.amazonaws.com/uifaces/faces/twitter/arindam_/128.jpg
220,Awesome Clothing,https://s3.amazonaws.com/uifaces/faces/twitter/_ragzor/128.jpg
221,Licensed Clothing,https://s3.amazonaws.com/uifaces/faces/twitter/billyroshan/128.jpg
222,Awesome Games,https://s3.amazonaws.com/uifaces/faces/twitter/denisepires/128.jpg
223,Unbranded Grocery,https://s3.amazonaws.com/uifaces/faces/twitter/mcflydesign/128.jpg
224,Licensed Kids,https://s3.amazonaws.com/uifaces/faces/twitter/fabbrucci/128.jpg
225,Unbranded Home,https://s3.amazonaws.com/uifaces/faces/twitter/scottkclark/128.jpg
226,Awesome Industrial,https://s3.amazonaws.com/uifaces/faces/twitter/aaronalfred/128.jpg
227,Gorgeous Home,https://s3.amazonaws.com/uifaces/faces/twitter/andrewofficer/128.jpg
228,Intelligent Beauty,https://s3.amazonaws.com/uifaces/faces/twitter/petar_prog/128.jpg
229,Fantastic Automotive,https://s3.amazonaws.com/uifaces/faces/twitter/attacks/128.jpg
230,Handcrafted Music,https://s3.amazonaws.com/uifaces/faces/twitter/fjaguero/128.jpg
231,Handcrafted Sports,https://s3.amazonaws.com/uifaces/faces/twitter/heykenneth/128.jpg
232,Small Outdoors,https://s3.amazonaws.com/uifaces/faces/twitter/scottgallant/128.jpg
233,Practical Garden,https://s3.amazonaws.com/uifaces/faces/twitter/homka/128.jpg
234,Gorgeous Computers,https://s3.amazonaws.com/uifaces/faces/twitter/joe_black/128.jpg
235,Generic Industrial,https://s3.amazonaws.com/uifaces/faces/twitter/d33pthought/128.jpg
236,Unbranded Computers,https://s3.amazonaws.com/uifaces/faces/twitter/sawalazar/128.jpg
237,Refined Tools,https://s3.amazonaws.com/uifaces/faces/twitter/notbadart/128.jpg
238,Ergonomic Automotive,https://s3.amazonaws.com/uifaces/faces/twitter/charliecwaite/128.jpg
239,Intelligent Movies,https://s3.amazonaws.com/uifaces/faces/twitter/mighty55/128.jpg
240,Ergonomic Books,https://s3.amazonaws.com/uifaces/faces/twitter/mashaaaaal/128.jpg
241,Intelligent Home,https://s3.amazonaws.com/uifaces/faces/twitter/sterlingrules/128.jpg
242,Rustic Clothing,https://s3.amazonaws.com/uifaces/faces/twitter/yalozhkin/128.jpg
243,Rustic Home,https://s3.amazonaws.com/uifaces/faces/twitter/christianoliff/128.jpg
244,Unbranded Garden,https://s3.amazonaws.com/uifaces/faces/twitter/sachingawas/128.jpg
245,Handcrafted Clothing,https://s3.amazonaws.com/uifaces/faces/twitter/thaodang17/128.jpg
246,Unbranded Industrial,https://s3.amazonaws.com/uifaces/faces/twitter/evandrix/128.jpg
247,Handmade Shoes,https://s3.amazonaws.com/uifaces/faces/twitter/emmandenn/128.jpg
248,Refined Shoes,https://s3.amazonaws.com/uifaces/faces/twitter/victorquinn/128.jpg
249,Tasty Shoes,https://s3.amazonaws.com/uifaces/faces/twitter/emsgulam/128.jpg
250,Tasty Sports,https://s3.amazonaws.com/uifaces/faces/twitter/alagoon/128.jpg
251,Ergonomic Shoes,https://s3.amazonaws.com/uifaces/faces/twitter/justinrgraham/128.jpg
252,Gorgeous Sports,https://s3.amazonaws.com/uifaces/faces/twitter/perfectflow/128.jpg
253,Licensed Games,https://s3.amazonaws.com/uifaces/faces/twitter/serefka/128.jpg
254,Intelligent Baby,https://s3.amazonaws.com/uifaces/faces/twitter/stefanotirloni/128.jpg
255,Practical Outdoors,https://s3.amazonaws.com/uifaces/faces/twitter/amayvs/128.jpg
256,Awesome Beauty,https://s3.amazonaws.com/uifaces/faces/twitter/xiel/128.jpg
257,Practical Shoes,https://s3.amazonaws.com/uifaces/faces/twitter/akmalfikri/128.jpg
258,Tasty Industrial,https://s3.amazonaws.com/uifaces/faces/twitter/sulaqo/128.jpg
259,Licensed Music,https://s3.amazonaws.com/uifaces/faces/twitter/arishi_/128.jpg
260,Awesome Baby,https://s3.amazonaws.com/uifaces/faces/twitter/chacky14/128.jpg
261,Incredible Health,https://s3.amazonaws.com/uifaces/faces/twitter/joshhemsley/128.jpg
262,Fantastic Music,https://s3.amazonaws.com/uifaces/faces/twitter/areandacom/128.jpg
263,Small Health,https://s3.amazonaws.com/uifaces/faces/twitter/woodydotmx/128.jpg
264,Refined Sports,https://s3.amazonaws.com/uifaces/faces/twitter/bereto/128.jpg
265,Unbranded Sports,https://s3.amazonaws.com/uifaces/faces/twitter/her_ruu/128.jpg
266,Intelligent Kids,https://s3.amazonaws.com/uifaces/faces/twitter/derekcramer/128.jpg
267,Unbranded Electronics,https://s3.amazonaws.com/uifaces/faces/twitter/vladimirdevic/128.jpg
268,Handmade Baby,https://s3.amazonaws.com/uifaces/faces/twitter/posterjob/128.jpg
269,Sleek Clothing,https://s3.amazonaws.com/uifaces/faces/twitter/nfedoroff/128.jpg
270,Ergonomic Tools,https://s3.amazonaws.com/uifaces/faces/twitter/emmandenn/128.jpg
271,Tasty Health,https://s3.amazonaws.com/uifaces/faces/twitter/rickyyean/128.jpg
272,Small Automotive,https://s3.amazonaws.com/uifaces/faces/twitter/jacksonlatka/128.jpg
273,Generic Beauty,https://s3.amazonaws.com/uifaces/faces/twitter/buleswapnil/128.jpg
274,Licensed Automotive,https://s3.amazonaws.com/uifaces/faces/twitter/claudioguglieri/128.jpg
275,Gorgeous Games,https://s3.amazonaws.com/uifaces/faces/twitter/jarsen/128.jpg
276,Rustic Music,https://s3.amazonaws.com/uifaces/faces/twitter/johncafazza/128.jpg
277,Handmade Beauty,https://s3.amazonaws.com/uifaces/faces/twitter/sethlouey/128.jpg
278,Generic Music,https://s3.amazonaws.com/uifaces/faces/twitter/jacobbennett/128.jpg
279,Refined Grocery,https://s3.amazonaws.com/uifaces/faces/twitter/ehsandiary/128.jpg
280,Intelligent Health,https://s3.amazonaws.com/uifaces/faces/twitter/lmjabreu/128.jpg
281,Tasty Games,https://s3.amazonaws.com/uifaces/faces/twitter/shvelo96/128.jpg
282,Tasty Jewelery,https://s3.amazonaws.com/uifaces/faces/twitter/pierrestoffe/128.jpg
283,Ergonomic Outdoors,https://s3.amazonaws.com/uifaces/faces/twitter/ruehldesign/128.jpg
284,Handcrafted Beauty,https://s3.amazonaws.com/uifaces/faces/twitter/borges_marcos/128.jpg
285,Fantastic Tools,https://s3.amazonaws.com/uifaces/faces/twitter/joe_black/128.jpg
286,Tasty Toys,https://s3.amazonaws.com/uifaces/faces/twitter/panghal0/128.jpg
287,Sleek Music,https://s3.amazonaws.com/uifaces/faces/twitter/buzzusborne/128.jpg
288,Handcrafted Baby,https://s3.amazonaws.com/uifaces/faces/twitter/holdenweb/128.jpg
289,Small Home,https://s3.amazonaws.com/uifaces/faces/twitter/0therplanet/128.jpg
290,Incredible Music,https://s3.amazonaws.com/uifaces/faces/twitter/bfrohs/128.jpg
291,Licensed Baby,https://s3.amazonaws.com/uifaces/faces/twitter/mslarkina/128.jpg
292,Rustic Jewelery,https://s3.amazonaws.com/uifaces/faces/twitter/stefanozoffoli/128.jpg
293,Gorgeous Movies,https://s3.amazonaws.com/uifaces/faces/twitter/dhilipsiva/128.jpg
294,Practical Music,https://s3.amazonaws.com/uifaces/faces/twitter/chrisstumph/128.jpg
295,Refined Beauty,https://s3.amazonaws.com/uifaces/faces/twitter/jlsolerdeltoro/128.jpg
296,Ergonomic Kids,https://s3.amazonaws.com/uifaces/faces/twitter/joki4/128.jpg
297,Tasty Clothing,https://s3.amazonaws.com/uifaces/faces/twitter/dingyi/128.jpg
298,Sleek Beauty,https://s3.amazonaws.com/uifaces/faces/twitter/marcomano_/128.jpg
299,Rustic Garden,https://s3.amazonaws.com/uifaces/faces/twitter/mr_shiznit/128.jpg
300,Handcrafted Jewelery,https://s3.amazonaws.com/uifaces/faces/twitter/lepinski/128.jpg
301,Fantastic Garden,https://s3.amazonaws.com/uifaces/faces/twitter/nitinhayaran/128.jpg
302,Unbranded Outdoors,https://s3.amazonaws.com/uifaces/faces/twitter/jarjan/128.jpg
303,Fantastic Grocery,https://s3.amazonaws.com/uifaces/faces/twitter/poormini/128.jpg
304,Incredible Books,https://s3.amazonaws.com/uifaces/faces/twitter/airskylar/128.jpg
305,Fantastic Industrial,https://s3.amazonaws.com/uifaces/faces/twitter/jwalter14/128.jpg
306,Handcrafted Home,https://s3.amazonaws.com/uifaces/faces/twitter/lisovsky/128.jpg
307,Unbranded Tools,https://s3.amazonaws.com/uifaces/faces/twitter/derekcramer/128.jpg
308,Sleek Garden,https://s3.amazonaws.com/uifaces/faces/twitter/imammuht/128.jpg
309,Rustic Electronics,https://s3.amazonaws.com/uifaces/faces/twitter/aroon_sharma/128.jpg
310,Generic Books,https://s3.amazonaws.com/uifaces/faces/twitter/vigobronx/128.jpg
311,Gorgeous Industrial,https://s3.amazonaws.com/uifaces/faces/twitter/nckjrvs/128.jpg
312,Licensed Health,https://s3.amazonaws.com/uifaces/faces/twitter/linux29/128.jpg
313,Handmade Grocery,https://s3.amazonaws.com/uifaces/faces/twitter/amayvs/128.jpg
314,Incredible Garden,https://s3.amazonaws.com/uifaces/faces/twitter/tur8le/128.jpg
315,Sleek Jewelery,https://s3.amazonaws.com/uifaces/faces/twitter/catarino/128.jpg
316,Refined Industrial,https://s3.amazonaws.com/uifaces/faces/twitter/s4f1/128.jpg
317,Rustic Grocery,https://s3.amazonaws.com/uifaces/faces/twitter/ateneupopular/128.jpg
318,Gorgeous Health,https://s3.amazonaws.com/uifaces/faces/twitter/sainraja/128.jpg
319,Licensed Beauty,https://s3.amazonaws.com/uifaces/faces/twitter/skkirilov/128.jpg
320,Licensed Electronics,https://s3.amazonaws.com/uifaces/faces/twitter/bboy1895/128.jpg
321,Intelligent Games,https://s3.amazonaws.com/uifaces/faces/twitter/herbigt/128.jpg
322,Ergonomic Jewelery,https://s3.amazonaws.com/uifaces/faces/twitter/slowspock/128.jpg
323,Intelligent Outdoors,https://s3.amazonaws.com/uifaces/faces/twitter/nepdud/128.jpg
324,Handmade Health,https://s3.amazonaws.com/uifaces/faces/twitter/jffgrdnr/128.jpg
325,Handcrafted Health,https://s3.amazonaws.com/uifaces/faces/twitter/marakasina/128.jpg
326,Generic Kids,https://s3.amazonaws.com/uifaces/faces/twitter/enda/128.jpg
327,Ergonomic Health,https://s3.amazonaws.com/uifaces/faces/twitter/anasnakawa/128.jpg
328,Generic Computers,https://s3.amazonaws.com/uifaces/faces/twitter/ryankirkman/128.jpg
329,Generic Clothing,https://s3.amazonaws.com/uifaces/faces/twitter/raphaelnikson/128.jpg
330,Incredible Movies,https://s3.amazonaws.com/uifaces/faces/twitter/nacho/128.jpg
331,Ergonomic Clothing,https://s3.amazonaws.com/uifaces/faces/twitter/guischmitt/128.jpg
332,Incredible Industrial,https://s3.amazonaws.com/uifaces/faces/twitter/terpimost/128.jpg
333,Fantastic Jewelery,https://s3.amazonaws.com/uifaces/faces/twitter/andrewcohen/128.jpg
334,Awesome Shoes,https://s3.amazonaws.com/uifaces/faces/twitter/weavermedia/128.jpg
335,Incredible Kids,https://s3.amazonaws.com/uifaces/faces/twitter/syropian/128.jpg
336,Ergonomic Industrial,https://s3.amazonaws.com/uifaces/faces/twitter/msveet/128.jpg
337,Practical Industrial,https://s3.amazonaws.com/uifaces/faces/twitter/amayvs/128.jpg
338,Intelligent Music,https://s3.amazonaws.com/uifaces/faces/twitter/chrismj83/128.jpg
339,Gorgeous Outdoors,https://s3.amazonaws.com/uifaces/faces/twitter/andrewabogado/128.jpg
340,Generic Games,https://s3.amazonaws.com/uifaces/faces/twitter/salvafc/128.jpg
341,Awesome Tools,https://s3.amazonaws.com/uifaces/faces/twitter/vitorleal/128.jpg
342,Awesome Toys,https://s3.amazonaws.com/uifaces/faces/twitter/ma_tiax/128.jpg
343,Sleek Home,https://s3.amazonaws.com/uifaces/faces/twitter/mymyboy/128.jpg
344,Intelligent Automotive,https://s3.amazonaws.com/uifaces/faces/twitter/weglov/128.jpg
345,Sleek Sports,https://s3.amazonaws.com/uifaces/faces/twitter/ademilter/128.jpg
346,Handmade Toys,https://s3.amazonaws.com/uifaces/faces/twitter/bowbrick/128.jpg
347,Incredible Clothing,https://s3.amazonaws.com/uifaces/faces/twitter/evandrix/128.jpg
348,Practical Beauty,https://s3.amazonaws.com/uifaces/faces/twitter/91bilal/128.jpg
349,Fantastic Clothing,https://s3.amazonaws.com/uifaces/faces/twitter/nellleo/128.jpg
350,Ergonomic Sports,https://s3.amazonaws.com/uifaces/faces/twitter/allagringaus/128.jpg
351,Handmade Computers,https://s3.amazonaws.com/uifaces/faces/twitter/IsaryAmairani/128.jpg
352,Generic Baby,https://s3.amazonaws.com/uifaces/faces/twitter/imcoding/128.jpg
353,Rustic Computers,https://s3.amazonaws.com/uifaces/faces/twitter/traneblow/128.jpg
354,Small Games,https://s3.amazonaws.com/uifaces/faces/twitter/marshallchen_/128.jpg
355,Unbranded Kids,https://s3.amazonaws.com/uifaces/faces/twitter/colgruv/128.jpg
356,Small Computers,https://s3.amazonaws.com/uifaces/faces/twitter/sainraja/128.jpg
357,Refined Clothing,https://s3.amazonaws.com/uifaces/faces/twitter/enricocicconi/128.jpg
358,Licensed Toys,https://s3.amazonaws.com/uifaces/faces/twitter/thibaut_re/128.jpg
359,Practical Tools,https://s3.amazonaws.com/uifaces/faces/twitter/kevinjohndayy/128.jpg
360,Small Kids,https://s3.amazonaws.com/uifaces/faces/twitter/plasticine/128.jpg
361,Tasty Garden,https://s3.amazonaws.com/uifaces/faces/twitter/nathalie_fs/128.jpg
362,Refined Home,https://s3.amazonaws.com/uifaces/faces/twitter/ruehldesign/128.jpg
363,Refined Toys,https://s3.amazonaws.com/uifaces/faces/twitter/silv3rgvn/128.jpg
364,Gorgeous Shoes,https://s3.amazonaws.com/uifaces/faces/twitter/matthewkay_/128.jpg
365,Tasty Kids,https://s3.amazonaws.com/uifaces/faces/twitter/kevinoh/128.jpg
366,Generic Movies,https://s3.amazonaws.com/uifaces/faces/twitter/murrayswift/128.jpg
367,Practical Clothing,https://s3.amazonaws.com/uifaces/faces/twitter/nfedoroff/128.jpg
368,Refined Computers,https://s3.amazonaws.com/uifaces/faces/twitter/timpetricola/128.jpg
369,Awesome Books,https://s3.amazonaws.com/uifaces/faces/twitter/stephcoue/128.jpg
370,Fantastic Computers,https://s3.amazonaws.com/uifaces/faces/twitter/kurtinc/128.jpg
371,Tasty Electronics,https://s3.amazonaws.com/uifaces/faces/twitter/baires/128.jpg
372,Generic Grocery,https://s3.amazonaws.com/uifaces/faces/twitter/canapud/128.jpg
373,Handcrafted Garden,https://s3.amazonaws.com/uifaces/faces/twitter/carlosjgsousa/128.jpg
374,Handmade Games,https://s3.amazonaws.com/uifaces/faces/twitter/maximseshuk/128.jpg
